{"loss": [[1, 2.097063185533811], [2, 1.8493576808574914], [3, 1.5933698569551153], [4, 1.4128457427717283], [5, 1.2764377625882901], [6, 1.186535925711743], [7, 1.1131904872412786], [8, 1.0543073559802303], [9, 0.9929270013524502], [10, 0.9337231694139569], [11, 0.8869835006848128], [12, 0.8519086896626092], [13, 0.8236384406089055], [14, 0.7850785853255237], [15, 0.759832021809069], [16, 0.7370787996813559], [17, 0.7109672850523474], [18, 0.692631296783877], [19, 0.6721444914726189], [20, 0.6522454607016593], [21, 0.6336070822807527], [22, 0.6141895162324882], [23, 0.6102918039691883], [24, 0.5949976557221699], [25, 0.5804524229721569], [26, 0.5656409699165723], [27, 0.5584800127439271], [28, 0.5348202382541513], [29, 0.5287644055204194], [30, 0.5150598490486011], [31, 0.5007923619143462], [32, 0.4944260546790099], [33, 0.4855209320546727], [34, 0.47172253283474724], [35, 0.4696348246809941], [36, 0.45636193190044455], [37, 0.44413976437571356], [38, 0.43182558678483485], [39, 0.4144074004226046], [40, 0.4192121705420153], [41, 0.4130125819374866], [42, 0.3964042627904365], [43, 0.39166599567905547], [44, 0.3877094017361094], [45, 0.37670014661063994], [46, 0.37671057110266815], [47, 0.3764360681727405], [48, 0.3459399738470027], [49, 0.3589350934513653], [50, 0.34637009689213666]], "accuracy": [[1, 0.24411494955671048], [2, 0.3375114643839804], [3, 0.4461938245184959], [4, 0.523845918679303], [5, 0.5683277285233873], [6, 0.5952308162641394], [7, 0.6219810455518191], [8, 0.6491898501987161], [9, 0.681442983797004], [10, 0.6976459798226842], [11, 0.7126261082237848], [12, 0.7175175787221034], [13, 0.7259247936410884], [14, 0.744267808009783], [15, 0.7482421277896668], [16, 0.7509935799449708], [17, 0.7701008865790279], [18, 0.7671965759706512], [19, 0.7742280648119841], [20, 0.7840110058086213], [21, 0.7936410883521859], [22, 0.7973096912259248], [23, 0.793335371446041], [24, 0.8008254356465913], [25, 0.8089269336594315], [26, 0.8129012534393152], [27, 0.8145826964231122], [28, 0.8236013451543871], [29, 0.8248242127789667], [30, 0.8346071537756039], [31, 0.8379700397431978], [32, 0.8347600122286762], [33, 0.844084377866096], [34, 0.8443900947722409], [35, 0.8413329257107919], [36, 0.850810149801284], [37, 0.8506572913482116], [38, 0.852797309691226], [39, 0.8639559767655153], [40, 0.8621216753286457], [41, 0.8633445429532254], [42, 0.8682360134515439], [43, 0.8745032100275145], [44, 0.8719046163252828], [45, 0.8774075206358912], [46, 0.8774075206358911], [47, 0.8723631916845002], [48, 0.893457658208499], [49, 0.8818404157749924], [50, 0.8853561601956588]]}