{"loss": [[1, 0.3696386507393132], [2, 0.25946953787930477], [3, 0.20661743521890813], [4, 0.1607427829714251], [5, 0.14795148768127692], [6, 0.1329497756366426], [7, 0.13282654050581594], [8, 0.11423201151807186], [9, 0.11162906805368254], [10, 0.10208450600553848], [11, 0.11111257498493365], [12, 0.1022656870290104], [13, 0.09412925287959308], [14, 0.07186645973366733], [15, 0.08064942611668979], [16, 0.08764256659248296], [17, 0.07637742911165085], [18, 0.08819289899592604], [19, 0.08650458992442651], [20, 0.07253136604230535], [21, 0.06865591852029132], [22, 0.060016604193359004], [23, 0.07762821905317199], [24, 0.05229453058490255], [25, 0.056473573442868547], [26, 0.05939347071995094], [27, 0.07281397941067601], [28, 0.06521191202743006], [29, 0.07093877238154557], [30, 0.04934584432987947], [31, 0.06220813250343977], [32, 0.06744346380030475], [33, 0.068025436612243], [34, 0.06028473258499103], [35, 0.05889920937025521], [36, 0.05114997015057063], [37, 0.06354187298748325], [38, 0.05732266493118873], [39, 0.05841681428136346], [40, 0.07231601598740617]], "accuracy": [[1, 0.8873433195207141], [2, 0.9208193258731164], [3, 0.9394680553166301], [4, 0.950932430377323], [5, 0.9581167705559797], [6, 0.9613268055142485], [7, 0.9660654157828352], [8, 0.9701926018968703], [9, 0.9697340295625294], [10, 0.9718740516046398], [11, 0.9709568984353263], [12, 0.9720269022768553], [13, 0.9750840771876137], [14, 0.9822684231700245], [15, 0.9795169654934095], [16, 0.9753897842993542], [17, 0.9804341152369593], [18, 0.9792112609601029], [19, 0.9787526816102352], [20, 0.9799755409164044], [21, 0.9833384338539699], [22, 0.984714156360081], [23, 0.9811984164585071], [24, 0.9877713234626493], [25, 0.987007035415714], [26, 0.9863955961914466], [27, 0.9825741357028539], [28, 0.9851727234919987], [29, 0.980892704335676], [30, 0.988382753949397], [31, 0.9842555733020063], [32, 0.9825741365957392], [33, 0.9827269987661298], [34, 0.9842555787413175], [35, 0.9860898758048714], [36, 0.9877713182784483], [37, 0.9851727279928691], [38, 0.9841027258824442], [39, 0.985784177740427], [40, 0.9808927013381328]]}