{"loss": [[1, 0.4783344157058943], [2, 0.2789932474521314], [3, 0.19220773914435413], [4, 0.1689250659669067], [5, 0.14765547023524078], [6, 0.13569198407799926], [7, 0.12657562720733695], [8, 0.11823247406957428], [9, 0.10320758165832061], [10, 0.12287258913069143], [11, 0.09026493303858152], [12, 0.1075312319251238], [13, 0.08044494813275661], [14, 0.0856761137984217], [15, 0.08467259496685034], [16, 0.07703770617281067], [17, 0.08722021012703365], [18, 0.07607596371839924], [19, 0.0695799683724356], [20, 0.07116499608590429], [21, 0.06771318137603582], [22, 0.07296252426999136], [23, 0.06655713570572136], [24, 0.06938112377226398], [25, 0.0707133299019387], [26, 0.06189562897708977], [27, 0.06459432450478748], [28, 0.06268693011915194], [29, 0.05207211318138551], [30, 0.06401664824790179], [31, 0.0752864739385262], [32, 0.05891781589483261], [33, 0.06003196463068576], [34, 0.0628477327453866], [35, 0.060547507354931], [36, 0.07697416255173699], [37, 0.06158128768764835], [38, 0.05162008147879191], [39, 0.05365562269869009], [40, 0.05432909274518203]], "accuracy": [[1, 0.850429504582712], [2, 0.9188321639696271], [3, 0.94176092619963], [4, 0.9541424545845246], [5, 0.956282471569989], [6, 0.9594925035033813], [7, 0.9639254021866902], [8, 0.9672882966640272], [9, 0.9717211935615655], [10, 0.9680525765838844], [11, 0.9758483767965015], [12, 0.9698868810547416], [13, 0.9781412441899602], [14, 0.9785998116589876], [15, 0.9750840653887731], [16, 0.9792112543181299], [17, 0.9787526687089546], [18, 0.9802812555447808], [19, 0.9825741490779103], [20, 0.9811984166589508], [21, 0.9811984134336306], [22, 0.9808927009736897], [23, 0.9844084394721584], [24, 0.9799755448250551], [25, 0.9824212633645049], [26, 0.9837969965670168], [27, 0.9837970085025235], [28, 0.9848670168540339], [29, 0.9854784488076648], [30, 0.9844084349257324], [31, 0.98150414174684], [32, 0.98593702143356], [33, 0.9847141614987267], [34, 0.9847141527429847], [35, 0.9856313009376519], [36, 0.984408441904815], [37, 0.9853255972790085], [38, 0.9863955916176874], [39, 0.9868541725893263], [40, 0.987771317977783]]}