{"loss": [[1, 0.2642229601378395], [2, 0.27910271075245835], [3, 0.19757595774810163], [4, 0.1807528141019305], [5, 0.1496124165015906], [6, 0.13462658022458912], [7, 0.12699858262367347], [8, 0.11278391112631812], [9, 0.10534248785270951], [10, 0.0946092681269677], [11, 0.09910063434577851], [12, 0.09689982288389787], [13, 0.09308348854138732], [14, 0.0891506738615661], [15, 0.07330847447308121], [16, 0.08022895939500096], [17, 0.10153759526329709], [18, 0.08463519282732415], [19, 0.07293109249924938], [20, 0.07130346208177586], [21, 0.08121402574818694], [22, 0.0699143584812523], [23, 0.06959383253996677], [24, 0.06519193839690657], [25, 0.0718516566600162], [26, 0.06853176561306373], [27, 0.06574139778409183], [28, 0.07005805651096667], [29, 0.06616202295504144], [30, 0.06042854057653978]], "accuracy": [[1, 0.9270307453141513], [2, 0.9186792945650439], [3, 0.9428309282371663], [4, 0.9443595227445167], [5, 0.9567410498629721], [6, 0.9630082508122582], [7, 0.9633139708708347], [8, 0.9697340252985469], [9, 0.9723326320296142], [10, 0.9744726361229091], [11, 0.9743197885484588], [12, 0.9752369311398157], [13, 0.9772240947288536], [14, 0.9753897841171327], [15, 0.9816569819777647], [16, 0.9772240865653314], [17, 0.9738612094992565], [18, 0.9773769464761757], [19, 0.9824212861604116], [20, 0.982574134217749], [21, 0.9799755469570464], [22, 0.9816569915899476], [23, 0.9825741429006022], [24, 0.9847141627924991], [25, 0.9837970074820833], [26, 0.9818098379435141], [27, 0.9842555808641975], [28, 0.9836441412663759], [29, 0.9845612923765867], [30, 0.9841027213451294]]}