{"loss": [[1, 0.5618266892919735], [2, 0.2330961728377996], [3, 0.20259653858542076], [4, 0.1699111149630682], [5, 0.13225141519157302], [6, 0.13910373162338124], [7, 0.11975600327744065], [8, 0.11005573179168517], [9, 0.1120388843870808], [10, 0.09730855863255504]], "accuracy": [[1, 0.815102039697219], [2, 0.9286151037818247], [3, 0.9423723724758688], [4, 0.9513910080963084], [5, 0.9625496652304161], [6, 0.9611739429794148], [7, 0.9665239882538421], [8, 0.9697340278132032], [9, 0.9669825729974657], [10, 0.9732497630316853]]}