{"loss": [[1, 0.34117702208296985], [2, 0.17763082239263212], [3, 0.1403121204826968], [4, 0.12953440403410307], [5, 0.11609077250123143], [6, 0.10909705156348223], [8, 0.10082115467042141], [9, 0.09293297240018016], [10, 0.10031944447379526]], "accuracy": [[1, 0.8775065379134447], [2, 0.9376337606492883], [3, 0.9490981290406753], [4, 0.9561296251526451], [5, 0.9581167804414947], [6, 0.9637725352876524], [8, 0.9662182812878788], [9, 0.9672882845462991], [10, 0.9631611120442083]]}