{"loss": [[1, 0.3604078636755549], [2, 0.25670722388448575], [3, 0.19224199222173577], [4, 0.17169869385912526], [5, 0.140505603917492], [6, 0.12711769017384927], [7, 0.11760315857884607], [8, 0.12134690256461897], [9, 0.11272241047363432], [10, 0.09911534396088185], [11, 0.09144983283613925], [12, 0.08874424229265261], [13, 0.09036235722936109], [14, 0.08721469043637589], [15, 0.0895402435474132], [16, 0.0812356781142726], [17, 0.0741978564189456], [18, 0.08786906358350019], [19, 0.07725351426758394], [20, 0.06852542419010475]], "accuracy": [[1, 0.8864261689116123], [2, 0.9238764912172472], [3, 0.9437480954922], [4, 0.9513910035681046], [5, 0.9601039403041034], [6, 0.9646896979324828], [7, 0.9675940116568467], [8, 0.9649954243050334], [9, 0.9703454545917443], [10, 0.9724854759596351], [11, 0.9747783551063789], [12, 0.9767655175656436], [13, 0.9770712292055879], [14, 0.9761540832522448], [15, 0.9738612055177172], [16, 0.9782941117449953], [17, 0.9810455475094777], [18, 0.9795169663862948], [19, 0.977224095275518], [20, 0.9813512680964965]]}