{"loss": [[1, 2.103632291990185], [2, 1.88023337529581], [3, 1.6323224336719775], [4, 1.4315307406940363], [5, 1.2721015505198856], [6, 1.1441632477798365], [7, 1.051671874719962], [8, 0.979643437802992], [9, 0.9185573918143022], [10, 0.8870079960891575], [11, 0.8358735391959544], [12, 0.8038603040520405], [13, 0.7742169022888119], [14, 0.7484086677955948], [15, 0.7193185163998377], [16, 0.6982768929831955], [17, 0.6749946693421431], [18, 0.6614757633672071], [19, 0.643854895140264], [20, 0.6316578951301249], [21, 0.6126761875160607], [22, 0.6020939768964236], [23, 0.6005052944656105], [24, 0.5908744500904993], [25, 0.563534006863623], [26, 0.5505994713040384], [27, 0.5358790581705956], [28, 0.5304604374175224], [29, 0.5227406742338812], [30, 0.5156767969237523], [31, 0.5061346967899629], [32, 0.49240653417624125], [33, 0.4825585183634265], [34, 0.47380203388127956], [35, 0.4676077815301737], [36, 0.45711898886621716], [37, 0.4416544539976361], [38, 0.4366296043329667], [39, 0.4338330853809024], [40, 0.4254713053620033], [41, 0.41287539680227886], [42, 0.4202601017367217], [43, 0.4047226219508343], [44, 0.3984894222457181], [45, 0.3844643585527392], [46, 0.38293851793833933], [47, 0.3699488820971079], [48, 0.3726068749837065], [49, 0.35478520709753625], [50, 0.35266474593523006]], "accuracy": [[1, 0.23968205441760929], [2, 0.35356160195658826], [3, 0.45964536838887193], [4, 0.5487618465301132], [5, 0.6071537756037909], [6, 0.6485784163864261], [7, 0.6825129929685112], [8, 0.6955059614796698], [9, 0.7239376337511464], [10, 0.72913482115561], [11, 0.7422806481198411], [12, 0.750993579944971], [13, 0.7586365025985937], [14, 0.7653622745337817], [15, 0.7701008865790279], [16, 0.7743809232650566], [17, 0.7824824212778967], [18, 0.7892081932130847], [19, 0.7944053806175483], [20, 0.7928767960868237], [21, 0.8029654539896057], [22, 0.8046468969734026], [23, 0.8069397737694894], [24, 0.8038826047080404], [25, 0.8144298379700398], [26, 0.8213084683583003], [27, 0.8261999388566187], [28, 0.8291042494649954], [29, 0.8274228064811985], [30, 0.8318557016202995], [31, 0.8416386426169368], [32, 0.8408743503515745], [33, 0.8440843778660959], [34, 0.8443900947722409], [35, 0.8456129623968205], [36, 0.8505044328951391], [37, 0.8560073372057475], [38, 0.8576887801895444], [39, 0.8584530724549069], [40, 0.8540201773158055], [41, 0.8651788443900948], [42, 0.8624273922347906], [43, 0.8686945888107613], [44, 0.869611739529196], [45, 0.8705288902476307], [46, 0.874961785386732], [47, 0.8755732191990218], [48, 0.8822989911342097], [49, 0.8876490369917457], [50, 0.8829104249464994]]}