{"loss": [[1, 0.9162911454209477], [2, 0.4260402169922041], [3, 0.3005678184984927], [4, 0.2683376373321338], [5, 0.24670430593000883], [6, 0.2348364078269775], [7, 0.21764183235610984], [8, 0.20852639996388855], [9, 0.2016225256284522], [10, 0.20184492013246508]], "accuracy": [[1, 0.8069397737694896], [2, 0.9350351574442067], [3, 0.9769183735860594], [4, 0.9876184653011313], [5, 0.9920513604402322], [6, 0.9902170590033629], [7, 0.9951085295016815], [8, 0.9925099357994497], [9, 0.9951085295016815], [10, 0.9957199633139713]]}