{"loss": [[1, 0.021704377333881402], [2, 0.0459782163595568], [3, 0.032893852762132254], [4, 0.02295780759018795], [5, 0.014006697214766597], [6, 0.014617631418602154], [7, 0.03215727171240495], [8, 0.0077128083326912485], [9, 0.007954805830217222], [10, 0.005328797614908011], [11, 0.006195080298733193], [12, 0.005447955507854946], [13, 0.004642554040492235], [14, 0.007094983271981669], [15, 0.00449767812082243], [16, 0.006240215358274193], [17, 0.008260785894622395], [18, 0.005973271436834303], [19, 0.006510815589057402], [20, 0.0019162088173644975]], "accuracy": [[1, 0.9984317845969193], [2, 0.991287072110854], [3, 0.9934270873561032], [4, 0.9966371110804182], [5, 0.9984714111688486], [6, 0.9972485375491824], [7, 0.9905227704064192], [8, 0.999694283075633], [9, 0.9993885633814995], [10, 0.9998471476695692], [11, 0.9990828492268989], [12, 0.9990828499557849], [13, 0.9993885698139175], [14, 0.9987771327216411], [15, 0.9995414258070001], [16, 0.9978599851920823], [17, 0.9984714153781648], [18, 0.9984714190408164], [19, 0.9980128461233668], [20, 1.0]]}