{"loss": [[1, 0.05967930154772578], [2, 0.0426717388346986], [3, 0.02790837108664343], [4, 0.04584140153154043], [5, 0.05987125722067985], [6, 0.013509953651684253], [7, 0.011553055148679605], [8, 0.009865496107503724], [9, 0.016237995565083315], [10, 0.00958859034430208]], "accuracy": [[1, 0.9894887588836334], [2, 0.9909813499020641], [3, 0.9949556631219748], [4, 0.9900642008965113], [5, 0.9882298997694182], [6, 0.9969428206248153], [7, 0.9981656914200487], [8, 0.9980128464878096], [9, 0.9951085379932023], [10, 0.9975542655161709]]}