{"mean": [-7283.75412332838, -2198.8446136701336, 3122.4070950965825, -51.47507429420505, 7.681500742942051, 2.7437221396731055], "std": [1202.394222881685, 2454.050461557078, 1667.7891856638932, 948.5299776741947, 709.7866188152284, 842.375182771308]}