{"mean": [-1.581540126317855, -4.983756412721857, 4.871825654398265, -0.00016102416697851726, -0.0024694193044005166, 0.0044479401220543086, -7287.302257336343, -2398.6416478555307, 2881.4752821670427, -42.94319977426637, 7.049097065462754, 1.5261286681715576], "std": [3.692291752293787, 3.711981973684289, 4.273432988055289, 0.7213110147041295, 0.3575519329076301, 0.44384927883740194, 1166.4592125696422, 2261.702079150634, 1775.5640526731968, 896.318443754556, 677.3525689538955, 780.7182228232009]}