{"mean": [-1.95241455693094, -5.161696961182157, 4.592154873237145, 0.00833903014659038, 0.0041036423946196375, 0.001777872257936405], "std": [4.626826374164518, 4.174398816213652, 2.8150575886247458, 0.8884789573852064, 0.4977977135356261, 0.6531063840675254]}