{"mean": [-1.8165764362655925, -5.06019295993042, 4.156739259097672, -0.006130254947024959, -0.002851052536502173, 0.007011244498521234, -7283.75412332838, -2198.8446136701336, 3122.4070950965825, -51.47507429420505, 7.681500742942051, 2.7437221396731055], "std": [4.037635867307807, 3.708893312661089, 4.584210541747334, 0.7669764121739228, 0.39064608015056446, 0.4685975909325993, 1202.394222881685, 2454.050461557078, 1667.7891856638932, 948.5299776741947, 709.7866188152284, 842.375182771308]}