{"mean": [-7623.356521739131, -2012.89375, 3222.6511322463766, -74.16200181159421, 8.851268115942029, -11.628759057971015], "std": [828.027700175661, 1609.4549873148578, 1511.1529197021343, 744.8372736371732, 613.9669102799279, 780.4862228245512]}