{"mean": [-1.1928551646797065, -3.3013300171866033, 5.835491010846801, -0.00208838947425976, -0.0005302720760854212, 0.013020772459743615, -1174.0577731092437, -7300.470084033614, 2763.0459663865545, -58.44861344537815, 7.908067226890756, -65.06773109243697], "std": [4.775102280563891, 4.35654348364463, 3.0525784875595443, 0.8212415432329894, 0.42317083830498864, 0.5399201445358727, 2795.499193463282, 641.5557912658235, 1131.3247531309275, 453.57490404332134, 876.9152971861917, 603.073654824677]}