{"mean": [-1.8165764362655925, -5.06019295993042, 4.156739259097672, -0.006130254947024959, -0.002851052536502173, 0.007011244498521234], "std": [4.037635867307807, 3.708893312661089, 4.584210541747334, 0.7669764121739228, 0.39064608015056446, 0.4685975909325993]}